<?xml version="1.0" encoding="UTF-8"?>
<project-private xmlns="http://www.netbeans.org/ns/project-private/1">
    <editor-bookmarks xmlns="http://www.netbeans.org/ns/editor-bookmarks/2" lastBookmarkId="0"/>
    <open-files xmlns="http://www.netbeans.org/ns/projectui-open-files/2">
        <group>
            <file>file:/C:/Users/Yann/Documents/GitHub/Project-Java/PROJET%20POO%20Java/Java/src/vue/Fenetre.java</file>
            <file>file:/C:/Users/Yann/Documents/GitHub/Project-Java/PROJET%20POO%20Java/Java/src/controller/TestHop.java</file>
            <file>file:/C:/Users/Yann/Documents/GitHub/Project-Java/PROJET%20POO%20Java/Java/src/modele/Update.java</file>
        </group>
    </open-files>
</project-private>
